insert  into rtdw.tbl_dict(`id`,`dictCode`,`dictDesc`,`categoryCode`,`categoryDesc`,`sortNo`,`dataType`,`remark`,`locateCode`,`cid`,`uid`,`ctime`,`utime`,`version`) values (1,'100001','是否需要发票','0','不需要发票',0,'INT',NULL,'发票',0,0,'2020-12-21 18:37:29','2020-12-21 18:37:29',0),(2,'100001','是否需要发票','1','需要发票',1,'INT',NULL,'发票',0,0,'2020-12-21 18:37:29','2020-12-21 18:37:29',0),(3,'100002','是否第三方配送','0','否',0,'INT',NULL,'配送',0,0,'2020-12-21 18:37:29','2020-12-21 18:37:29',0),(4,'100002','是否第三方配送','1','是',1,'INT',NULL,'配送',0,0,'2020-12-21 18:37:29','2020-12-21 18:37:29',0),(5,'100003','支付类型','1','货到付款',1,'INT',NULL,'支付',0,0,'2020-12-21 18:37:29','2020-12-21 18:37:29',0),(6,'100003','支付类型','2','在线支付',2,'INT',NULL,'支付',0,0,'2020-12-21 18:37:29','2020-12-21 18:37:29',0),(7,'100004','在线支付类型','0','美团支付',0,'INT',NULL,'支付',0,0,'2020-12-21 18:37:29','2020-12-21 18:37:29',0),(8,'100004','在线支付类型','1','微信支付',1,'INT',NULL,'支付',0,0,'2020-12-21 18:37:29','2020-12-21 18:37:29',0),(9,'100004','在线支付类型','2','京东支付',2,'INT',NULL,'支付',0,0,'2020-12-21 18:37:29','2020-12-21 18:37:29',0),(10,'100004','在线支付类型','3','支付宝',3,'INT',NULL,'支付',0,0,'2020-12-21 18:37:29','2020-12-21 18:37:29',0),(11,'100005','配送状态','30','正在配送',30,'INT',NULL,'配送',0,0,'2020-12-21 18:37:29','2020-12-21 18:37:29',0),(12,'100005','配送状态','40','配送成功',40,'INT',NULL,'配送',0,0,'2020-12-21 18:37:29','2020-12-21 18:37:29',0),(13,'100006','订单状态','0','已下单',0,'INT',NULL,'订单',0,0,'2020-12-21 18:37:29','2020-12-21 18:37:29',0),(14,'100006','订单状态','1','待支付',1,'INT',NULL,'订单',0,0,'2020-12-21 18:37:29','2020-12-21 18:37:29',0),(15,'100006','订单状态','2','已支付',2,'INT',NULL,'订单',0,0,'2020-12-21 18:37:29','2020-12-21 18:37:29',0),(16,'100006','订单状态','3','商家正在备货',3,'INT',NULL,'订单',0,0,'2020-12-21 18:37:29','2020-12-21 18:37:29',0),(17,'100006','订单状态','4','商家备货完成',4,'INT',NULL,'订单',0,0,'2020-12-21 18:37:29','2020-12-21 18:37:29',0),(18,'100006','订单状态','5','骑手已接单',5,'INT',NULL,'订单',0,0,'2020-12-21 18:37:29','2020-12-21 18:37:29',0),(19,'100006','订单状态','6','等待骑手接单',6,'INT',NULL,'订单',0,0,'2020-12-21 18:37:29','2020-12-21 18:37:29',0),(20,'100006','订单状态','7','骑手正在取单',7,'INT',NULL,'订单',0,0,'2020-12-21 18:37:29','2020-12-21 18:37:29',0),(21,'100006','订单状态','8','骑手取单成功',8,'INT',NULL,'订单',0,0,'2020-12-21 18:37:29','2020-12-21 18:37:29',0),(22,'100006','订单状态','9','骑手正在派送',9,'INT',NULL,'订单',0,0,'2020-12-21 18:37:29','2020-12-21 18:37:29',0),(23,'100006','订单状态','10','已送达',10,'INT',NULL,'订单',0,0,'2020-12-21 18:37:29','2020-12-21 18:37:29',0),(24,'100006','订单状态','11','订单完成',11,'INT',NULL,'订单',0,0,'2020-12-21 18:37:29','2020-12-21 18:37:29',0),(25,'100007','取餐类型','0','普通取餐',0,'INT',NULL,'取餐',0,0,'2020-12-21 18:37:29','2020-12-21 18:37:29',0),(26,'100007','取餐类型','1','到店取餐',1,'INT',NULL,'取餐',0,0,'2020-12-21 18:37:29','2020-12-21 18:37:29',0),(27,'100008','就餐人数','0','用户没有选择用餐人数',0,'INT',NULL,'就餐',0,0,'2020-12-21 18:37:29','2020-12-21 18:37:29',0),(28,'100008','就餐人数','1-10','用户选择的用餐人数',10,'INT',NULL,'就餐',0,0,'2020-12-21 18:37:29','2020-12-21 18:37:29',0),(29,'100008','就餐人数','11-87','10人以上用餐',11,'INT',NULL,'就餐',0,0,'2020-12-21 18:37:29','2020-12-21 18:37:29',0),(30,'100008','就餐人数','88','用户需要餐具',88,'INT',NULL,'就餐',0,0,'2020-12-21 18:37:29','2020-12-21 18:37:29',0),(31,'100008','就餐人数','99','用户不需要餐具',99,'INT',NULL,'就餐',0,0,'2020-12-21 18:37:29','2020-12-21 18:37:29',0);
insert  into rtdw.tbl_discount(`id`,`ctime`,`utime`,`remark`) values (1,'2020-12-18 16:02:34','2020-12-18 16:02:34','新用户立减'),(2,'2020-12-18 16:02:34','2020-12-18 16:02:34','满减'),(3,'2020-12-18 16:02:34','2020-12-18 16:02:34','抵价券'),(4,'2020-12-18 16:02:34','2020-12-18 16:02:34','套餐赠送'),(5,'2020-12-18 16:02:34','2020-12-18 16:02:34','满赠'),(6,'2020-12-18 16:02:34','2020-12-18 16:02:34','超时赔付'),(7,'2020-12-18 16:02:34','2020-12-18 16:02:34','特价菜'),(8,'2020-12-18 16:02:34','2020-12-18 16:02:34','首单返优惠券'),(9,'2020-12-18 16:02:34','2020-12-18 16:02:34','使用红包'),(11,'2020-12-18 16:02:34','2020-12-18 16:02:34','提前下单减'),(12,'2020-12-18 16:02:34','2020-12-18 16:02:34','满返优惠券'),(16,'2020-12-18 16:02:34','2020-12-18 16:02:34','满免配送费'),(17,'2020-12-18 16:02:34','2020-12-18 16:02:34','折扣商品'),(18,'2020-12-18 16:02:34','2020-12-18 16:02:34','美团专送再减'),(19,'2020-12-18 16:02:34','2020-12-18 16:02:34','点评券'),(20,'2020-12-18 16:02:34','2020-12-18 16:02:34','第二份半价'),(21,'2020-12-18 16:02:34','2020-12-18 16:02:34','会员免配送费'),(22,'2020-12-18 16:02:34','2020-12-18 16:02:34','门店新客立减'),(23,'2020-12-18 16:02:34','2020-12-18 16:02:34','买赠'),(24,'2020-12-18 16:02:34','2020-12-18 16:02:34','平台新用户立减'),(25,'2020-12-18 16:02:34','2020-12-18 16:02:34','满减配送费'),(27,'2020-12-18 16:02:34','2020-12-18 16:02:34','指定商品满减'),(28,'2020-12-18 16:02:34','2020-12-18 16:02:34','新客满减'),(30,'2020-12-18 16:02:34','2020-12-18 16:02:34','阶梯满减配送费'),(36,'2020-12-18 16:02:34','2020-12-18 16:02:34','平台新客减配送费'),(40,'2020-12-18 16:02:34','2020-12-18 16:02:34','加价购'),(41,'2020-12-18 16:02:34','2020-12-18 16:02:34','新客折扣菜'),(45,'2020-12-18 16:02:34','2020-12-18 16:02:34','外卖拼团'),(46,'2020-12-18 16:02:34','2020-12-18 16:02:34','外卖加价购'),(48,'2020-12-18 16:02:34','2020-12-18 16:02:34','拼团减配送费'),(53,'2020-12-18 16:02:34','2020-12-18 16:02:34','新客专享减包装费'),(54,'2020-12-18 16:02:34','2020-12-18 16:02:34','新客专享减配送费'),(100,'2020-12-18 16:02:34','2020-12-18 16:02:34','满返商家代金券'),(101,'2020-12-18 16:02:34','2020-12-18 16:02:34','使用商家代金券'),(103,'2020-12-18 16:02:34','2020-12-18 16:02:34','进店领券'),(117,'2020-12-18 16:02:34','2020-12-18 16:02:34','商品券'),(118,'2020-12-18 16:02:34','2020-12-18 16:02:34','商品折扣券'),(305,'2020-12-18 16:02:34','2020-12-18 16:02:34','津贴联盟'),(306,'2020-12-18 16:02:34','2020-12-18 16:02:34','立减金'),(307,'2020-12-18 16:02:34','2020-12-18 16:02:34','套餐推荐津贴');
insert  into rtdw.tbl_food(`app_food_code`,`food_name`,`price`,`sku_id`,`unit`) values ('1001','餐盒',1,'1001','个'),('1002','筷子',0,'1002','双'),('7212','番茄蛋汤',8,'6395','份'),('7226','干煸刀豆',46,'6386','份'),('7312','蚂蚁上树',39,'6425','份'),('7315','麻婆豆腐',22,'6431','份'),('7317','红烧翅根',46,'6322','份'),('7318','虎眼丸子',43,'6340','份'),('7319','梅嚣菜扣肉',46,'6435','份'),('7320','红烧瓦块鱼',39,'6452','份'),('7321','冬瓜扁尖汤',11,'6341','份'),('7336','木顺肉',25,'6451','份'),('7352','西湖牛肉羹',28,'6367','份'),('7372','上汤芦笋',23,'6353','份'),('7374','蛋黄豆腐盖饭',22,'6333','份'),('7394','青椒干丝盖饭',17,'6430','份'),('7544','青椒土豆丝盖饭',15,'6433','份'),('7649','酸辣土豆丝',22,'6441','份'),('7703','干烧鲫鱼',48,'6427','份'),('7708','酸辣白菜盖饭',15,'6457','份'),('7733','西红柿炒蛋盖饭',18,'6327','份'),('7738','罗宋汤',16,'6419','份'),('7761','香葱跑蛋',30,'6437','份'),('7801','鱼香茄子盖饭',14,'6328','份'),('7802','刀豆土豆盖饭',15,'6450','份'),('7831','辣子鸡',36,'6460','份'),('7856','酱扒茄子盖饭',24,'6405','份'),('7869','清炒芦笋',29,'6342','份'),('7935','香菇菜心盖饭',18,'6401','份'),('7948','家常豆腐盖饭',16,'6385','份'),('7951','韭黄炒蛋盖饭',18,'6414','份'),('7957','土豆牛肉',58,'6449','份');
insert  into rtdw.tbl_poi(`id`,`epoiId`,`poiAddress`,`poiName`,`poiPhone`,`ctime`,`utime`,`remark`) values (196828,'44413528280159','中关村大街18号关中村科技贸易中心写字楼B座2层B区01号','正一味(中关村店)','17209175472','2020-12-18 16:02:34','2020-12-18 16:02:34','16'),(211724,'39213862922800','海淀区闵庄南路9号A区','亿天香都市美食','16842046005','2020-12-18 16:02:34','2020-12-18 16:02:34','1'),(222960,'47947686422442','中关村大街15号家乐福B2楼9室','永和大王(中关村大街店)','15174533731','2020-12-18 16:02:34','2020-12-18 16:02:34','18'),(249262,'39821163547051','中关村北大街178号一层7号','桂林米粉','15101773756','2020-12-18 16:02:34','2020-12-18 16:02:34','15'),(268290,'45801375413605','北京市海淀区东北旺中路东馨园附近','向记桂林米粉','16201540142','2020-12-18 16:02:34','2020-12-18 16:02:34','3'),(296007,'42633721284394','北京市海淀区中关村大街19号新中关购物中心F1','喜家德水饺','14036002424','2020-12-18 16:02:34','2020-12-18 16:02:34','6'),(300535,'44254972406955','北京市海淀区中关村大街32号','天合盛园','17303024457','2020-12-18 16:02:34','2020-12-18 16:02:34','8'),(347781,'47423881507305','中关村大街26号','和合谷(新中关店)','18273496700','2020-12-18 16:02:34','2020-12-18 16:02:34','4'),(381036,'45880784677167','北京市海淀区北三环中路40-10号','秦川食府','13848169307','2020-12-18 16:02:34','2020-12-18 16:02:34','22'),(381623,'46460817931977','北京东城区北新桥三条73-1号','老刘家','17327344513','2020-12-18 16:02:34','2020-12-18 16:02:34','25'),(388151,'46345572819294','新街口北大街22号','好佳和睦','18685091221','2020-12-18 16:02:34','2020-12-18 16:02:34','9'),(392764,'41157449724444','北京市海淀区中关村大街49号7号楼一层5号','赛百味(中关村广场店)','14479445998','2020-12-18 16:02:34','2020-12-18 16:02:34','26'),(500682,'43283736634360','北京市海淀区科学院南路2号融科资讯中心C座B1层C-025','真功夫(新中关店)','13573578497','2020-12-18 16:02:34','2020-12-18 16:02:34','20'),(586543,'42026491610625','中关村东路18号财智大厦1楼东南角1楼','鸿毛饺子(中关村店)','16396272195','2020-12-18 16:02:34','2020-12-18 16:02:34','29'),(587002,'46928924085398','北京市海淀区厂洼东一街3号附近','筷乐家园(海龙店)','17425141334','2020-12-18 16:02:34','2020-12-18 16:02:34','24'),(634249,'42259800481436','北京市海淀区聂各庄路18号','晟丰饺子','14216860075','2020-12-18 16:02:34','2020-12-18 16:02:34','14'),(647197,'47968994084106','北京市海淀区学院南路17号这口','真味源疯狂抄手','17566459902','2020-12-18 16:02:34','2020-12-18 16:02:34','21'),(660748,'39352482502175','中关村大街26号','和合谷(海淀剧院店)','18567864093','2020-12-18 16:02:34','2020-12-18 16:02:34','5'),(721653,'45068269358774','北京市海淀区海淀南路11号','秦风阁','16544431805','2020-12-18 16:02:34','2020-12-18 16:02:34','23'),(729600,'44743837721937','海淀区中关村南大街29号','小豆面馆','16986554940','2020-12-18 16:02:34','2020-12-18 16:02:34','12'),(766007,'41678122832266','北京市海淀区中关村南大街乙12号院1号楼1层1-15','沙县小吃','15539103186','2020-12-18 16:02:34','2020-12-18 16:02:34','19'),(787045,'48214375968848','北京市海淀区中关村南大街48号九龙商务中心B座底商(国家图书馆)','得味居桂林米粉','18084048685','2020-12-18 16:02:34','2020-12-18 16:02:34','13'),(849326,'40780626592052','北京市海淀区学院南路68号一层','宏状元粥店(海淀南路店)','18500881870','2020-12-18 16:02:34','2020-12-18 16:02:34','11'),(849599,'40280455784698','北京市海淀区海淀大街38号','食全酒美','18329574419','2020-12-18 16:02:34','2020-12-18 16:02:34','28'),(891937,'39221306097054','中关村大街15号家乐福B2楼9室','永和大王(中关村二店)','15529636495','2020-12-18 16:02:34','2020-12-18 16:02:34','17'),(972288,'40675260024902','北京市知春路128号泛亚大厦1层','吉野家(泛亚大厦店)','18737296899','2020-12-18 16:02:34','2020-12-18 16:02:34','2'),(977984,'39059714710631','北京市海淀区知春路22号院2号楼西南70米','坛子肉','17053637213','2020-12-18 16:02:34','2020-12-18 16:02:34','7'),(979436,'39251712128346','北京市海淀区中关村大街40号','面爱面(当代商城店)','17498518013','2020-12-18 16:02:34','2020-12-18 16:02:34','27'),(998564,'47693343368185','北京市海淀区海淀中街16号E104','好麦道(中关村公馆店)','18309300693','2020-12-18 16:02:34','2020-12-18 16:02:34','10');
insert  into rtdw.tbl_poi_discount_map(`id`,`poiId`,`discountId`,`reduceFee`,`mtCharge`,`poiCharge`,`ctime`,`utime`,`remark`) values (1,211724,12,1,0.58,0.42,'2020-12-18 16:02:34','2020-12-18 16:02:34',NULL),(2,211724,9,8,5.6,2.4,'2020-12-18 16:02:34','2020-12-18 16:02:34',NULL),(3,211724,41,12,3.6,8.4,'2020-12-18 16:02:34','2020-12-18 16:02:34',NULL),(4,972288,45,10,5.29,4.71,'2020-12-18 16:02:34','2020-12-18 16:02:34',NULL),(5,972288,16,15,2.85,12.15,'2020-12-18 16:02:34','2020-12-18 16:02:34',NULL),(6,972288,1,12,7.56,4.44,'2020-12-18 16:02:34','2020-12-18 16:02:34',NULL),(7,268290,4,2,0.56,1.44,'2020-12-18 16:02:34','2020-12-18 16:02:34',NULL),(8,268290,40,1,0.78,0.22,'2020-12-18 16:02:34','2020-12-18 16:02:34',NULL),(9,268290,21,4,1.96,2.04,'2020-12-18 16:02:34','2020-12-18 16:02:34',NULL),(10,268290,20,6,2.69,3.31,'2020-12-18 16:02:34','2020-12-18 16:02:34',NULL),(11,347781,22,14,4.06,9.94,'2020-12-18 16:02:34','2020-12-18 16:02:34',NULL),(12,347781,46,1,0.03,0.97,'2020-12-18 16:02:34','2020-12-18 16:02:34',NULL),(13,660748,21,4,1.96,2.04,'2020-12-18 16:02:34','2020-12-18 16:02:34',NULL),(14,660748,2,10,7.9,2.1,'2020-12-18 16:02:34','2020-12-18 16:02:34',NULL),(15,660748,2,5,1.75,3.25,'2020-12-18 16:02:34','2020-12-18 16:02:34',NULL),(16,296007,46,19,4.56,14.44,'2020-12-18 16:02:34','2020-12-18 16:02:34',NULL),(17,296007,20,6,2.69,3.31,'2020-12-18 16:02:34','2020-12-18 16:02:34',NULL),(18,296007,4,6,4.38,1.62,'2020-12-18 16:02:34','2020-12-18 16:02:34',NULL),(19,296007,7,6,2.22,3.78,'2020-12-18 16:02:34','2020-12-18 16:02:34',NULL),(20,977984,22,14,7.56,6.44,'2020-12-18 16:02:34','2020-12-18 16:02:34',NULL),(21,300535,22,14,7.56,6.44,'2020-12-18 16:02:34','2020-12-18 16:02:34',NULL),(22,300535,25,8,3.52,4.48,'2020-12-18 16:02:34','2020-12-18 16:02:34',NULL),(23,300535,18,12,9.37,2.63,'2020-12-18 16:02:34','2020-12-18 16:02:34',NULL),(24,388151,46,1,0.03,0.97,'2020-12-18 16:02:34','2020-12-18 16:02:34',NULL),(25,998564,1,13,2.21,10.79,'2020-12-18 16:02:34','2020-12-18 16:02:34',NULL),(26,849326,9,8,5.6,2.4,'2020-12-18 16:02:34','2020-12-18 16:02:34',NULL),(27,849326,9,1,0.72,0.28,'2020-12-18 16:02:34','2020-12-18 16:02:34',NULL),(28,849326,17,11,3.74,7.26,'2020-12-18 16:02:34','2020-12-18 16:02:34',NULL),(29,729600,36,12,9.24,2.76,'2020-12-18 16:02:34','2020-12-18 16:02:34',NULL),(30,787045,16,15,3.46,11.54,'2020-12-18 16:02:34','2020-12-18 16:02:34',NULL),(31,787045,17,5,0.25,4.75,'2020-12-18 16:02:34','2020-12-18 16:02:34',NULL),(32,787045,4,2,0.56,1.44,'2020-12-18 16:02:34','2020-12-18 16:02:34',NULL),(33,634249,41,2,0.66,1.34,'2020-12-18 16:02:34','2020-12-18 16:02:34',NULL),(34,634249,1,13,2.21,10.79,'2020-12-18 16:02:34','2020-12-18 16:02:34',NULL),(35,634249,1,18,7.38,10.62,'2020-12-18 16:02:34','2020-12-18 16:02:34',NULL),(36,634249,41,6,1.92,4.08,'2020-12-18 16:02:34','2020-12-18 16:02:34',NULL),(37,249262,1,13,2.21,10.79,'2020-12-18 16:02:34','2020-12-18 16:02:34',NULL),(38,196828,48,5,2.11,2.89,'2020-12-18 16:02:34','2020-12-18 16:02:34',NULL),(39,196828,41,6,1.92,4.08,'2020-12-18 16:02:34','2020-12-18 16:02:34',NULL),(40,196828,8,3,0.9,2.1,'2020-12-18 16:02:34','2020-12-18 16:02:34',NULL),(41,196828,8,13,5.06,7.94,'2020-12-18 16:02:34','2020-12-18 16:02:34',NULL),(42,891937,48,9,5.13,3.87,'2020-12-18 16:02:34','2020-12-18 16:02:34',NULL),(43,891937,17,17,13.09,3.91,'2020-12-18 16:02:34','2020-12-18 16:02:34',NULL),(44,891937,21,4,1.96,2.04,'2020-12-18 16:02:34','2020-12-18 16:02:34',NULL),(45,222960,46,19,4.56,14.44,'2020-12-18 16:02:34','2020-12-18 16:02:34',NULL),(46,222960,20,2,0.94,1.06,'2020-12-18 16:02:34','2020-12-18 16:02:34',NULL),(47,222960,40,13,7.8,5.2,'2020-12-18 16:02:34','2020-12-18 16:02:34',NULL),(48,222960,6,13,9.49,3.51,'2020-12-18 16:02:34','2020-12-18 16:02:34',NULL),(49,766007,11,17,0.85,16.15,'2020-12-18 16:02:34','2020-12-18 16:02:34',NULL),(50,766007,4,19,0.95,18.05,'2020-12-18 16:02:34','2020-12-18 16:02:34',NULL),(51,766007,20,1,0.56,0.44,'2020-12-18 16:02:34','2020-12-18 16:02:34',NULL),(52,766007,18,0,0,0,'2020-12-18 16:02:34','2020-12-18 16:02:34',NULL),(53,500682,2,3,2.63,0.37,'2020-12-18 16:02:34','2020-12-18 16:02:34',NULL),(54,647197,18,0,0,0,'2020-12-18 16:02:34','2020-12-18 16:02:34',NULL),(55,647197,48,9,4.31,4.69,'2020-12-18 16:02:34','2020-12-18 16:02:34',NULL),(56,647197,17,17,13.09,3.91,'2020-12-18 16:02:34','2020-12-18 16:02:34',NULL),(57,647197,3,0,0,0,'2020-12-18 16:02:34','2020-12-18 16:02:34',NULL),(58,381036,45,8,2.32,5.68,'2020-12-18 16:02:34','2020-12-18 16:02:34',NULL),(59,721653,17,2,0.02,1.98,'2020-12-18 16:02:34','2020-12-18 16:02:34',NULL),(60,721653,36,12,9.24,2.76,'2020-12-18 16:02:34','2020-12-18 16:02:34',NULL),(61,721653,2,7,5.74,1.26,'2020-12-18 16:02:34','2020-12-18 16:02:34',NULL),(62,587002,41,6,1.92,4.08,'2020-12-18 16:02:34','2020-12-18 16:02:34',NULL),(63,587002,18,8,1.6,6.4,'2020-12-18 16:02:34','2020-12-18 16:02:34',NULL),(64,587002,23,0,0,0,'2020-12-18 16:02:34','2020-12-18 16:02:34',NULL),(65,587002,18,12,9.37,2.63,'2020-12-18 16:02:34','2020-12-18 16:02:34',NULL),(66,381623,9,9,6.21,2.79,'2020-12-18 16:02:34','2020-12-18 16:02:34',NULL),(67,381623,24,4,1.52,2.48,'2020-12-18 16:02:34','2020-12-18 16:02:34',NULL),(68,381623,25,8,3.52,4.48,'2020-12-18 16:02:34','2020-12-18 16:02:34',NULL),(69,381623,19,10,5.7,4.3,'2020-12-18 16:02:34','2020-12-18 16:02:34',NULL),(70,392764,1,13,2.21,10.79,'2020-12-18 16:02:34','2020-12-18 16:02:34',NULL),(71,392764,28,2,1.14,0.86,'2020-12-18 16:02:34','2020-12-18 16:02:34',NULL),(72,979436,48,9,4.31,4.69,'2020-12-18 16:02:34','2020-12-18 16:02:34',NULL),(73,849599,1,13,2.21,10.79,'2020-12-18 16:02:34','2020-12-18 16:02:34',NULL),(74,849599,12,4,1.6,2.4,'2020-12-18 16:02:34','2020-12-18 16:02:34',NULL),(75,849599,3,0,0,0,'2020-12-18 16:02:34','2020-12-18 16:02:34',NULL),(76,849599,3,3,0.42,2.58,'2020-12-18 16:02:34','2020-12-18 16:02:34',NULL),(77,586543,23,12,2.4,9.6,'2020-12-18 16:02:34','2020-12-18 16:02:34',NULL),(78,30,11,9,6.03,2.97,'2020-12-18 16:02:34','2020-12-18 16:02:34',NULL),(79,30,1,11,4.07,6.93,'2020-12-18 16:02:34','2020-12-18 16:02:34',NULL);
insert  into rtdw.tbl_poi_food_map(`id`,`poiId`,`foodId`) values (1,211724,'1001'),(2,211724,'1002'),(3,211724,'7352'),(4,211724,'7869'),(5,211724,'7708'),(6,211724,'7321'),(7,211724,'7649'),(8,211724,'7856'),(9,211724,'7708'),(10,972288,'1001'),(11,972288,'1002'),(12,972288,'7802'),(13,268290,'1001'),(14,268290,'1002'),(15,268290,'7315'),(16,268290,'7708'),(17,347781,'1001'),(18,347781,'1002'),(19,347781,'7856'),(20,347781,'7352'),(21,347781,'7733'),(22,347781,'7801'),(23,660748,'1001'),(24,660748,'1002'),(25,660748,'7212'),(26,660748,'7319'),(27,660748,'7544'),(28,660748,'7312'),(29,660748,'7831'),(30,660748,'7315'),(31,660748,'7708'),(32,660748,'7649'),(33,660748,'7733'),(34,660748,'7869'),(35,296007,'1001'),(36,296007,'1002'),(37,296007,'7869'),(38,296007,'7372'),(39,296007,'7761'),(40,296007,'7856'),(41,296007,'7761'),(42,296007,'7394'),(43,296007,'7320'),(44,296007,'7951'),(45,296007,'7374'),(46,977984,'1001'),(47,977984,'1002'),(48,977984,'7708'),(49,977984,'7394'),(50,977984,'7649'),(51,977984,'7336'),(52,977984,'7317'),(53,977984,'7831'),(54,977984,'7315'),(55,977984,'7544'),(56,300535,'1001'),(57,300535,'1002'),(58,300535,'7318'),(59,388151,'1001'),(60,388151,'1002'),(61,388151,'7318'),(62,388151,'7856'),(63,388151,'7708'),(64,388151,'7394'),(65,388151,'7315'),(66,388151,'7321'),(67,388151,'7315'),(68,388151,'7544'),(69,388151,'7802'),(70,388151,'7951'),(71,998564,'1001'),(72,998564,'1002'),(73,998564,'7856'),(74,998564,'7708'),(75,849326,'1001'),(76,849326,'1002'),(77,849326,'7320'),(78,849326,'7317'),(79,849326,'7317'),(80,849326,'7802'),(81,849326,'7374'),(82,729600,'1001'),(83,729600,'1002'),(84,729600,'7801'),(85,729600,'7319'),(86,729600,'7312'),(87,729600,'7703'),(88,729600,'7212'),(89,729600,'7957'),(90,729600,'7935'),(91,729600,'7801'),(92,729600,'7738'),(93,787045,'1001'),(94,787045,'1002'),(95,787045,'7319'),(96,787045,'7951'),(97,787045,'7372'),(98,787045,'7321'),(99,787045,'7869'),(100,787045,'7957'),(101,634249,'1001'),(102,634249,'1002'),(103,634249,'7935'),(104,634249,'7856'),(105,634249,'7703'),(106,634249,'7703'),(107,634249,'7317'),(108,634249,'7212'),(109,634249,'7226'),(110,634249,'7394'),(111,634249,'7869'),(112,634249,'7320'),(113,249262,'1001'),(114,249262,'1002'),(115,249262,'7951'),(116,249262,'7802'),(117,249262,'7869'),(118,249262,'7312'),(119,249262,'7951'),(120,249262,'7312'),(121,249262,'7394'),(122,196828,'1001'),(123,196828,'1002'),(124,196828,'7708'),(125,196828,'7703'),(126,196828,'7951'),(127,891937,'1001'),(128,891937,'1002'),(129,891937,'7708'),(130,891937,'7394'),(131,891937,'7856'),(132,891937,'7321'),(133,891937,'7869'),(134,891937,'7761'),(135,891937,'7802'),(136,222960,'1001'),(137,222960,'1002'),(138,222960,'7318'),(139,222960,'7831'),(140,222960,'7317'),(141,222960,'7869'),(142,222960,'7320'),(143,222960,'7315'),(144,222960,'7394'),(145,766007,'1001'),(146,766007,'1002'),(147,766007,'7802'),(148,766007,'7315'),(149,766007,'7951'),(150,766007,'7212'),(151,766007,'7951'),(152,766007,'7352'),(153,766007,'7801'),(154,766007,'7935'),(155,500682,'1001'),(156,500682,'1002'),(157,500682,'7869'),(158,500682,'7317'),(159,500682,'7394'),(160,500682,'7801'),(161,500682,'7318'),(162,647197,'1001'),(163,647197,'1002'),(164,647197,'7708'),(165,647197,'7733'),(166,647197,'7951'),(167,647197,'7738'),(168,647197,'7948'),(169,381036,'1001'),(170,381036,'1002'),(171,381036,'7957'),(172,381036,'7312'),(173,381036,'7738'),(174,381036,'7226'),(175,381036,'7951'),(176,381036,'7703'),(177,381036,'7801'),(178,381036,'7544'),(179,721653,'1001'),(180,721653,'1002'),(181,721653,'7317'),(182,721653,'7856'),(183,721653,'7544'),(184,721653,'7374'),(185,721653,'7352'),(186,721653,'7374'),(187,721653,'7394'),(188,587002,'1001'),(189,587002,'1002'),(190,587002,'7802'),(191,587002,'7856'),(192,587002,'7372'),(193,587002,'7802'),(194,587002,'7212'),(195,587002,'7352'),(196,587002,'7649'),(197,587002,'7394'),(198,587002,'7226'),(199,587002,'7374'),(200,381623,'1001'),(201,381623,'1002'),(202,381623,'7544'),(203,381623,'7321'),(204,381623,'7935'),(205,381623,'7317'),(206,381623,'7319'),(207,381623,'7649'),(208,381623,'7212'),(209,381623,'7320'),(210,381623,'7226'),(211,392764,'1001'),(212,392764,'1002'),(213,392764,'7318'),(214,392764,'7761'),(215,392764,'7935'),(216,392764,'7321'),(217,392764,'7802'),(218,392764,'7336'),(219,392764,'7856'),(220,392764,'7320'),(221,392764,'7957'),(222,392764,'7801'),(223,979436,'1001'),(224,979436,'1002'),(225,979436,'7312'),(226,979436,'7352'),(227,979436,'7317'),(228,979436,'7321'),(229,979436,'7320'),(230,979436,'7352'),(231,979436,'7315'),(232,979436,'7801'),(233,979436,'7708'),(234,849599,'1001'),(235,849599,'1002'),(236,849599,'7948'),(237,849599,'7957'),(238,849599,'7649'),(239,849599,'7226'),(240,849599,'7336'),(241,849599,'7802'),(242,849599,'7315'),(243,849599,'7394'),(244,849599,'7856'),(245,849599,'7935'),(246,586543,'1001'),(247,586543,'1002'),(248,586543,'7352'),(249,586543,'7831'),(250,30,'1001'),(251,30,'1002'),(252,30,'7315');